{"cameraMode":{"drawMode":0,"name":"Shaded","section":"Shading Mode"},"sceneLighting":true,"audioPlay":false,"sceneViewState":{"showFog":true,"showMaterialUpdate":false,"showSkybox":false,"showFlares":true,"showImageEffects":true,"showParticleSystems":true},"in2DMode":false,"pivot":{"x":6.906721591949463,"y":4.378256320953369,"z":28.6658878326416},"rotation":{"x":-0.05550408363342285,"y":-0.9420461654663086,"z":0.26712870597839358,"w":-0.1957312375307083},"size":4.612783908843994,"orthographic":false}