{"cameraMode":{"drawMode":0,"name":"Shaded","section":"Shading Mode"},"sceneLighting":true,"audioPlay":false,"sceneViewState":{"showFog":true,"showMaterialUpdate":false,"showSkybox":false,"showFlares":true,"showImageEffects":true,"showParticleSystems":true},"in2DMode":false,"pivot":{"x":6.469576835632324,"y":4.029800891876221,"z":4.8634114265441898},"rotation":{"x":0.0687744989991188,"y":0.08412893861532211,"z":-0.0034622305538505317,"w":0.9950305819511414},"size":5.9917426109313969,"orthographic":false}