{"cameraMode":{"drawMode":0,"name":"Shaded","section":"Shading Mode"},"sceneLighting":true,"audioPlay":false,"sceneViewState":{"showFog":true,"showMaterialUpdate":false,"showSkybox":false,"showFlares":true,"showImageEffects":true,"showParticleSystems":true},"in2DMode":false,"pivot":{"x":7.130635738372803,"y":3.494980812072754,"z":11.766924858093262},"rotation":{"x":0.11687911301851273,"y":-0.0536188930273056,"z":0.006301408167928457,"w":0.991748034954071},"size":0.09494328498840332,"orthographic":false}