{"cameraMode":{"drawMode":0,"name":"Shaded","section":"Shading Mode"},"sceneLighting":true,"audioPlay":false,"sceneViewState":{"showFog":true,"showMaterialUpdate":false,"showSkybox":false,"showFlares":true,"showImageEffects":true,"showParticleSystems":true},"in2DMode":false,"pivot":{"x":8.976613998413086,"y":2.726630210876465,"z":28.731117248535158},"rotation":{"x":0.13099405169487,"y":0.7442002892494202,"z":-0.15303468704223634,"w":0.637018084526062},"size":4.612783908843994,"orthographic":false}