{"cameraMode":{"drawMode":0,"name":"Shaded","section":"Shading Mode"},"sceneLighting":true,"audioPlay":false,"sceneViewState":{"showFog":true,"showMaterialUpdate":false,"showSkybox":false,"showFlares":true,"showImageEffects":true,"showParticleSystems":true},"in2DMode":false,"pivot":{"x":0.6623964905738831,"y":0.3905453681945801,"z":0.18544869124889375},"rotation":{"x":0.021732147783041,"y":-0.6809040904045105,"z":-0.02022329717874527,"w":-0.7317765355110169},"size":2.8578948974609377,"orthographic":false}