{"cameraMode":{"drawMode":0,"name":"Shaded","section":"Shading Mode"},"sceneLighting":true,"audioPlay":false,"sceneViewState":{"showFog":true,"showMaterialUpdate":false,"showSkybox":false,"showFlares":true,"showImageEffects":true,"showParticleSystems":true},"in2DMode":false,"pivot":{"x":-16.603790283203126,"y":4.519536018371582,"z":13.724181175231934},"rotation":{"x":0.020062122493982316,"y":0.6743766665458679,"z":-0.013358511961996556,"w":0.7390231490135193},"size":1.6158232688903809,"orthographic":false}