{"cameraMode":{"drawMode":0,"name":"Shaded","section":"Shading Mode"},"sceneLighting":true,"audioPlay":false,"sceneViewState":{"showFog":true,"showMaterialUpdate":false,"showSkybox":false,"showFlares":true,"showImageEffects":true,"showParticleSystems":true},"in2DMode":false,"pivot":{"x":5.406009674072266,"y":2.1916050910949709,"z":37.139739990234378},"rotation":{"x":-0.21033336222171784,"y":0.1829553246498108,"z":-0.04126930609345436,"w":-0.9604548215866089},"size":10.489026069641114,"orthographic":false}