{"cameraMode":{"drawMode":0,"name":"Shaded","section":"Shading Mode"},"sceneLighting":false,"audioPlay":false,"sceneViewState":{"showFog":true,"showMaterialUpdate":false,"showSkybox":false,"showFlares":true,"showImageEffects":true,"showParticleSystems":true},"in2DMode":false,"pivot":{"x":11.391214370727539,"y":-0.09341966360807419,"z":12.344874382019043},"rotation":{"x":0.016731195151805879,"y":0.9861681461334229,"z":-0.11845622211694718,"w":0.12102717161178589},"size":22.669965744018556,"orthographic":false}