{"cameraMode":{"drawMode":0,"name":"Shaded","section":"Shading Mode"},"sceneLighting":true,"audioPlay":false,"sceneViewState":{"showFog":true,"showMaterialUpdate":false,"showSkybox":false,"showFlares":true,"showImageEffects":true,"showParticleSystems":true},"in2DMode":false,"pivot":{"x":-12.196752548217774,"y":63.92441177368164,"z":7.198179721832275},"rotation":{"x":0.031128041446208955,"y":0.7434413433074951,"z":-0.6676821708679199,"w":0.033184051513671878},"size":18.761016845703126,"orthographic":false}