{"cameraMode":{"drawMode":0,"name":"Shaded","section":"Shading Mode"},"sceneLighting":false,"audioPlay":false,"sceneViewState":{"showFog":true,"showMaterialUpdate":false,"showSkybox":false,"showFlares":true,"showImageEffects":true,"showParticleSystems":true},"in2DMode":false,"pivot":{"x":-0.15352119505405427,"y":0.9312266707420349,"z":-0.43329501152038576},"rotation":{"x":-0.017643317580223085,"y":-0.26901277899742129,"z":0.004894146230071783,"w":-0.9629954695701599},"size":2.3392791748046877,"orthographic":false}