{"cameraMode":{"drawMode":0,"name":"Shaded","section":"Shading Mode"},"sceneLighting":true,"audioPlay":false,"sceneViewState":{"showFog":true,"showMaterialUpdate":false,"showSkybox":false,"showFlares":true,"showImageEffects":true,"showParticleSystems":true},"in2DMode":false,"pivot":{"x":7.491660118103027,"y":4.317709922790527,"z":34.814456939697269},"rotation":{"x":0.2128320336341858,"y":-0.2906234860420227,"z":0.06645623594522476,"w":0.9307172298431397},"size":10.86989974975586,"orthographic":false}