{"cameraMode":{"drawMode":0,"name":"Shaded","section":"Shading Mode"},"sceneLighting":true,"audioPlay":false,"sceneViewState":{"showFog":true,"showMaterialUpdate":false,"showSkybox":false,"showFlares":true,"showImageEffects":true,"showParticleSystems":true},"in2DMode":false,"pivot":{"x":-9.871206283569336,"y":11.328967094421387,"z":-13.366312980651856},"rotation":{"x":-0.25387072563171389,"y":-0.4320129454135895,"z":0.12806782126426698,"w":-0.855922520160675},"size":2.4657058715820314,"orthographic":false}