{"cameraMode":{"drawMode":0,"name":"Shaded","section":"Shading Mode"},"sceneLighting":true,"audioPlay":false,"sceneViewState":{"showFog":true,"showMaterialUpdate":false,"showSkybox":false,"showFlares":true,"showImageEffects":true,"showParticleSystems":true},"in2DMode":false,"pivot":{"x":7.9918532371521,"y":3.935556173324585,"z":31.57056999206543},"rotation":{"x":0.2373698502779007,"y":0.6579832434654236,"z":-0.2307167798280716,"w":0.676695704460144},"size":0.31700026988983157,"orthographic":false}