{"cameraMode":{"drawMode":0,"name":"Shaded","section":"Shading Mode"},"sceneLighting":true,"audioPlay":false,"sceneViewState":{"showFog":true,"showMaterialUpdate":false,"showSkybox":false,"showFlares":true,"showImageEffects":true,"showParticleSystems":true},"in2DMode":false,"pivot":{"x":-0.2936458885669708,"y":0.5912414789199829,"z":-0.6551764607429504},"rotation":{"x":-0.1226818859577179,"y":0.011900083161890507,"z":-0.0014702670741826296,"w":-0.992377758026123},"size":0.4496341347694397,"orthographic":false}