{"cameraMode":{"drawMode":0,"name":"Shaded","section":"Shading Mode"},"sceneLighting":true,"audioPlay":false,"sceneViewState":{"showFog":true,"showMaterialUpdate":false,"showSkybox":false,"showFlares":true,"showImageEffects":true,"showParticleSystems":true},"in2DMode":false,"pivot":{"x":-25.000133514404298,"y":-9.025172233581543,"z":-22.656490325927736},"rotation":{"x":-0.208934485912323,"y":0.7641960382461548,"z":-0.3007214367389679,"w":-0.5314000248908997},"size":22.881677627563478,"orthographic":false}