{"cameraMode":{"drawMode":0,"name":"Shaded","section":"Shading Mode"},"sceneLighting":true,"audioPlay":false,"sceneViewState":{"showFog":true,"showMaterialUpdate":false,"showSkybox":false,"showFlares":true,"showImageEffects":true,"showParticleSystems":true},"in2DMode":false,"pivot":{"x":20.36474609375,"y":-8.765966415405274,"z":26.96623992919922},"rotation":{"x":-0.20148929953575135,"y":-0.7725443243980408,"z":0.28894737362861636,"w":-0.5291446447372437},"size":29.079063415527345,"orthographic":false}