{"cameraMode":{"drawMode":0,"name":"Shaded","section":"Shading Mode"},"sceneLighting":false,"audioPlay":false,"sceneViewState":{"showFog":true,"showMaterialUpdate":false,"showSkybox":false,"showFlares":true,"showImageEffects":true,"showParticleSystems":true},"in2DMode":false,"pivot":{"x":0.7962642908096314,"y":1.0280290842056275,"z":-0.9569974541664124},"rotation":{"x":0.18990406394004823,"y":-0.3742419183254242,"z":0.0785941481590271,"w":0.9042699337005615},"size":0.5392793416976929,"orthographic":false}