{"cameraMode":{"drawMode":0,"name":"Shaded","section":"Shading Mode"},"sceneLighting":true,"audioPlay":false,"sceneViewState":{"showFog":true,"showMaterialUpdate":false,"showSkybox":false,"showFlares":true,"showImageEffects":true,"showParticleSystems":true},"in2DMode":false,"pivot":{"x":-1.6002740859985352,"y":1.3535947799682618,"z":0.045984528958797458},"rotation":{"x":0.04572194442152977,"y":0.9097051024436951,"z":-0.10416058450937271,"w":0.3993905484676361},"size":0.4496341347694397,"orthographic":false}