{"cameraMode":{"drawMode":0,"name":"Shaded","section":"Shading Mode"},"sceneLighting":true,"audioPlay":false,"sceneViewState":{"showFog":true,"showMaterialUpdate":false,"showSkybox":false,"showFlares":true,"showImageEffects":true,"showParticleSystems":true},"in2DMode":false,"pivot":{"x":-0.08241303265094757,"y":0.7796714901924133,"z":-1.008488416671753},"rotation":{"x":-0.12416932731866837,"y":-0.15267479419708253,"z":0.01934627629816532,"w":-0.9802601933479309},"size":0.4496341347694397,"orthographic":false}