{"cameraMode":{"drawMode":0,"name":"Shaded","section":"Shading Mode"},"sceneLighting":true,"audioPlay":false,"sceneViewState":{"showFog":true,"showMaterialUpdate":false,"showSkybox":false,"showFlares":true,"showImageEffects":true,"showParticleSystems":true},"in2DMode":false,"pivot":{"x":20.52276611328125,"y":-20.27015495300293,"z":10.847593307495118},"rotation":{"x":-0.25358596444129946,"y":-0.6204127669334412,"z":0.22208836674690247,"w":-0.7081937789916992},"size":42.2989387512207,"orthographic":false}