{"cameraMode":{"drawMode":0,"name":"Shaded","section":"Shading Mode"},"sceneLighting":false,"audioPlay":false,"sceneViewState":{"showFog":true,"showMaterialUpdate":false,"showSkybox":false,"showFlares":true,"showImageEffects":true,"showParticleSystems":true},"in2DMode":false,"pivot":{"x":1.7630685567855836,"y":0.05377809330821037,"z":-0.29392680525779726},"rotation":{"x":-0.030933447182178499,"y":0.6511484384536743,"z":-0.02660379186272621,"w":-0.7579022645950317},"size":0.23927932977676392,"orthographic":false}