{"cameraMode":{"drawMode":0,"name":"Shaded","section":"Shading Mode"},"sceneLighting":true,"audioPlay":false,"sceneViewState":{"showFog":true,"showMaterialUpdate":false,"showSkybox":false,"showFlares":true,"showImageEffects":true,"showParticleSystems":true},"in2DMode":false,"pivot":{"x":-12.244589805603028,"y":3.4708011150360109,"z":-19.25652313232422},"rotation":{"x":0.005839962046593428,"y":-0.9853742718696594,"z":0.1655261367559433,"w":0.049356989562511447},"size":4.542471408843994,"orthographic":false}