{"cameraMode":{"drawMode":0,"name":"Shaded","section":"Shading Mode"},"sceneLighting":true,"audioPlay":false,"sceneViewState":{"showFog":true,"showMaterialUpdate":false,"showSkybox":false,"showFlares":true,"showImageEffects":true,"showParticleSystems":true},"in2DMode":false,"pivot":{"x":7.371526718139648,"y":4.502035140991211,"z":37.07637405395508},"rotation":{"x":0.030036676675081254,"y":0.12469446659088135,"z":-0.0001243020233232528,"w":0.9922313094139099},"size":6.113419055938721,"orthographic":false}