{"cameraMode":{"drawMode":0,"name":"Shaded","section":"Shading Mode"},"sceneLighting":true,"audioPlay":false,"sceneViewState":{"showFog":true,"showMaterialUpdate":false,"showSkybox":false,"showFlares":true,"showImageEffects":true,"showParticleSystems":true},"in2DMode":false,"pivot":{"x":-12.111552238464356,"y":-0.9322261810302734,"z":-28.114608764648439},"rotation":{"x":0.006321127526462078,"y":0.977379322052002,"z":-0.21267929673194886,"w":0.015893785282969476},"size":14.25969123840332,"orthographic":false}