{"cameraMode":{"drawMode":0,"name":"Shaded","section":"Shading Mode"},"sceneLighting":true,"audioPlay":false,"sceneViewState":{"showFog":true,"showMaterialUpdate":false,"showSkybox":false,"showFlares":true,"showImageEffects":true,"showParticleSystems":true},"in2DMode":false,"pivot":{"x":23.830209732055665,"y":-15.958845138549805,"z":7.512150764465332},"rotation":{"x":-0.1923285722732544,"y":-0.6757783889770508,"z":0.18939848244190217,"w":-0.6859592199325562},"size":37.519989013671878,"orthographic":false}