{"cameraMode":{"drawMode":0,"name":"Shaded","section":"Shading Mode"},"sceneLighting":true,"audioPlay":false,"sceneViewState":{"showFog":true,"showMaterialUpdate":false,"showSkybox":false,"showFlares":true,"showImageEffects":true,"showParticleSystems":true},"in2DMode":false,"pivot":{"x":7.802377223968506,"y":2.4441356658935549,"z":30.11115264892578},"rotation":{"x":-0.30504700541496279,"y":-0.19339732825756074,"z":0.06340699642896652,"w":-0.9304421544075012},"size":2.843557596206665,"orthographic":false}