{"cameraMode":{"drawMode":0,"name":"Shaded","section":"Shading Mode"},"sceneLighting":false,"audioPlay":false,"sceneViewState":{"showFog":true,"showMaterialUpdate":false,"showSkybox":false,"showFlares":true,"showImageEffects":true,"showParticleSystems":true},"in2DMode":false,"pivot":{"x":-0.19659842550754548,"y":0.5932934880256653,"z":0.6191734671592712},"rotation":{"x":-0.0735742375254631,"y":0.6409350633621216,"z":-0.06191999465227127,"w":-0.7615697383880615},"size":2.7659049034118654,"orthographic":false}