{"cameraMode":{"drawMode":0,"name":"Shaded","section":"Shading Mode"},"sceneLighting":true,"audioPlay":false,"sceneViewState":{"showFog":true,"showMaterialUpdate":false,"showSkybox":false,"showFlares":true,"showImageEffects":true,"showParticleSystems":true},"in2DMode":false,"pivot":{"x":-12.41895866394043,"y":4.537316799163818,"z":-17.805255889892579},"rotation":{"x":-0.29611048102378847,"y":-0.357149600982666,"z":0.11689116060733795,"w":-0.8786824941635132},"size":7.893456935882568,"orthographic":false}