{"cameraMode":{"drawMode":0,"name":"Shaded","section":"Shading Mode"},"sceneLighting":true,"audioPlay":false,"sceneViewState":{"showFog":true,"showMaterialUpdate":false,"showSkybox":false,"showFlares":true,"showImageEffects":true,"showParticleSystems":true},"in2DMode":false,"pivot":{"x":11.050987243652344,"y":-8.418110847473145,"z":-35.40134811401367},"rotation":{"x":-0.056546278297901157,"y":-0.9401862621307373,"z":0.2944631576538086,"w":-0.16546261310577393},"size":22.896984100341798,"orthographic":false}