{"cameraMode":{"drawMode":0,"name":"Shaded","section":"Shading Mode"},"sceneLighting":true,"audioPlay":false,"sceneViewState":{"showFog":true,"showMaterialUpdate":false,"showSkybox":false,"showFlares":true,"showImageEffects":true,"showParticleSystems":true},"in2DMode":false,"pivot":{"x":12.079083442687989,"y":4.527307510375977,"z":-8.3386869430542},"rotation":{"x":-0.116136334836483,"y":0.5865567922592163,"z":-0.08671794086694718,"w":-0.7980190515518189},"size":0.22139431536197663,"orthographic":false}