{"cameraMode":{"drawMode":0,"name":"Shaded","section":"Shading Mode"},"sceneLighting":true,"audioPlay":false,"sceneViewState":{"showFog":true,"showMaterialUpdate":false,"showSkybox":false,"showFlares":true,"showImageEffects":true,"showParticleSystems":true},"in2DMode":false,"pivot":{"x":0.29875779151916506,"y":1.5486077070236207,"z":0.6033611297607422},"rotation":{"x":0.06286679208278656,"y":0.732799232006073,"z":-0.06835199147462845,"w":0.6740941405296326},"size":9.985102653503418,"orthographic":false}