{"cameraMode":{"drawMode":0,"name":"Shaded","section":"Shading Mode"},"sceneLighting":true,"audioPlay":false,"sceneViewState":{"showFog":true,"showMaterialUpdate":false,"showSkybox":false,"showFlares":true,"showImageEffects":true,"showParticleSystems":true},"in2DMode":false,"pivot":{"x":4.234655857086182,"y":4.452746391296387,"z":31.68868637084961},"rotation":{"x":0.15869614481925965,"y":-0.7908658981323242,"z":0.23373833298683167,"w":0.5435568690299988},"size":6.610138893127441,"orthographic":false}