{"cameraMode":{"drawMode":0,"name":"Shaded","section":"Shading Mode"},"sceneLighting":true,"audioPlay":false,"sceneViewState":{"showFog":true,"showMaterialUpdate":false,"showSkybox":false,"showFlares":true,"showImageEffects":true,"showParticleSystems":true},"in2DMode":false,"pivot":{"x":-21.886707305908204,"y":20.17188835144043,"z":9.648362159729004},"rotation":{"x":-0.302462100982666,"y":-0.5611469745635986,"z":0.23088191449642182,"w":-0.7352036237716675},"size":2.843557596206665,"orthographic":false}