{"cameraMode":{"drawMode":0,"name":"Shaded","section":"Shading Mode"},"sceneLighting":true,"audioPlay":false,"sceneViewState":{"showFog":true,"showMaterialUpdate":false,"showSkybox":false,"showFlares":true,"showImageEffects":true,"showParticleSystems":true},"in2DMode":false,"pivot":{"x":6.845773696899414,"y":4.634033679962158,"z":33.62013244628906},"rotation":{"x":-0.15343999862670899,"y":-0.08017190545797348,"z":0.010722546838223935,"w":-0.9855502247810364},"size":1.1431535482406617,"orthographic":false}