{"cameraMode":{"drawMode":0,"name":"Shaded","section":"Shading Mode"},"sceneLighting":true,"audioPlay":false,"sceneViewState":{"showFog":true,"showMaterialUpdate":false,"showSkybox":false,"showFlares":true,"showImageEffects":true,"showParticleSystems":true},"in2DMode":false,"pivot":{"x":4.395887851715088,"y":6.491520881652832,"z":33.34701919555664},"rotation":{"x":-0.06355376541614533,"y":-0.913749635219574,"z":0.3719850182533264,"w":-0.15293070673942567},"size":6.610138893127441,"orthographic":false}