{"cameraMode":{"drawMode":0,"name":"Shaded","section":"Shading Mode"},"sceneLighting":false,"audioPlay":false,"sceneViewState":{"showFog":true,"showMaterialUpdate":false,"showSkybox":false,"showFlares":true,"showImageEffects":true,"showParticleSystems":true},"in2DMode":false,"pivot":{"x":-0.2043139934539795,"y":0.3591386079788208,"z":0.2409137487411499},"rotation":{"x":0.054531510919332507,"y":-0.1501055210828781,"z":-0.00832832045853138,"w":-0.9871551394462586},"size":2.3392791748046877,"orthographic":false}