{"cameraMode":{"drawMode":0,"name":"Shaded","section":"Shading Mode"},"sceneLighting":false,"audioPlay":false,"sceneViewState":{"showFog":true,"showMaterialUpdate":false,"showSkybox":false,"showFlares":true,"showImageEffects":true,"showParticleSystems":true},"in2DMode":false,"pivot":{"x":12.96850872039795,"y":2.8496909141540529,"z":35.02581024169922},"rotation":{"x":0.09953755885362625,"y":0.6189606189727783,"z":-0.07899635285139084,"w":0.7761822938919067},"size":7.654317378997803,"orthographic":false}