{"cameraMode":{"drawMode":0,"name":"Shaded","section":"Shading Mode"},"sceneLighting":true,"audioPlay":false,"sceneViewState":{"showFog":true,"showMaterialUpdate":false,"showSkybox":false,"showFlares":true,"showImageEffects":true,"showParticleSystems":true},"in2DMode":false,"pivot":{"x":1.4287500381469727,"y":8.67750358581543,"z":-3.82090425491333},"rotation":{"x":0.054934095591306689,"y":0.3225550651550293,"z":-0.014954582788050175,"w":0.9456394910812378},"size":0.12557417154312135,"orthographic":false}