{"cameraMode":{"drawMode":0,"name":"Shaded","section":"Shading Mode"},"sceneLighting":true,"audioPlay":false,"sceneViewState":{"showFog":true,"showMaterialUpdate":false,"showSkybox":false,"showFlares":true,"showImageEffects":true,"showParticleSystems":true},"in2DMode":false,"pivot":{"x":9.234966278076172,"y":7.287698268890381,"z":19.06307601928711},"rotation":{"x":-0.24349983036518098,"y":0.10125467926263809,"z":-0.025735482573509218,"w":-0.9645183086395264},"size":2.003005027770996,"orthographic":false}