{"cameraMode":{"drawMode":0,"name":"Shaded","section":"Shading Mode"},"sceneLighting":true,"audioPlay":false,"sceneViewState":{"showFog":true,"showMaterialUpdate":false,"showSkybox":false,"showFlares":true,"showImageEffects":true,"showParticleSystems":true},"in2DMode":false,"pivot":{"x":7.446676731109619,"y":3.0988669395446779,"z":34.193878173828128},"rotation":{"x":0.16429445147514344,"y":0.19347573816776277,"z":-0.032791867852211,"w":0.9668192863464356},"size":2.6283371448516847,"orthographic":false}