{"cameraMode":{"drawMode":0,"name":"Shaded","section":"Shading Mode"},"sceneLighting":false,"audioPlay":false,"sceneViewState":{"showFog":true,"showMaterialUpdate":false,"showSkybox":false,"showFlares":true,"showImageEffects":true,"showParticleSystems":true},"in2DMode":false,"pivot":{"x":0.23149865865707398,"y":1.2886874675750733,"z":2.850583791732788},"rotation":{"x":-0.006624420173466206,"y":-0.9929429292678833,"z":0.09711997210979462,"w":-0.0677257776260376},"size":0.5392793416976929,"orthographic":false}