{"cameraMode":{"drawMode":0,"name":"Shaded","section":"Shading Mode"},"sceneLighting":true,"audioPlay":false,"sceneViewState":{"showFog":true,"showMaterialUpdate":false,"showSkybox":false,"showFlares":true,"showImageEffects":true,"showParticleSystems":true},"in2DMode":false,"pivot":{"x":6.7548933029174809,"y":2.5343942642211916,"z":24.164216995239259},"rotation":{"x":-0.004306587856262922,"y":-0.970960795879364,"z":0.24048402905464173,"w":-0.011098312214016915},"size":6.610138893127441,"orthographic":false}