{"cameraMode":{"drawMode":0,"name":"Shaded","section":"Shading Mode"},"sceneLighting":true,"audioPlay":false,"sceneViewState":{"showFog":true,"showMaterialUpdate":false,"showSkybox":false,"showFlares":true,"showImageEffects":true,"showParticleSystems":true},"in2DMode":false,"pivot":{"x":2.825169801712036,"y":3.38716983795166,"z":11.967923164367676},"rotation":{"x":0.1714821755886078,"y":-0.40454015135765078,"z":0.0775274783372879,"w":0.8950212001800537},"size":0.8222914934158325,"orthographic":false}