{"cameraMode":{"drawMode":0,"name":"Shaded","section":"Shading Mode"},"sceneLighting":true,"audioPlay":false,"sceneViewState":{"showFog":true,"showMaterialUpdate":false,"showSkybox":false,"showFlares":true,"showImageEffects":true,"showParticleSystems":true},"in2DMode":false,"pivot":{"x":4.675260543823242,"y":3.8066484928131105,"z":12.737581253051758},"rotation":{"x":0.25039225816726687,"y":-0.1916237622499466,"z":0.050648707896471027,"w":0.9477090835571289},"size":3.0212810039520265,"orthographic":false}