{"cameraMode":{"drawMode":0,"name":"Shaded","section":"Shading Mode"},"sceneLighting":true,"audioPlay":false,"sceneViewState":{"showFog":true,"showMaterialUpdate":false,"showSkybox":false,"showFlares":true,"showImageEffects":true,"showParticleSystems":true},"in2DMode":false,"pivot":{"x":8.203075408935547,"y":3.5303406715393068,"z":34.24174499511719},"rotation":{"x":0.23569032549858094,"y":0.31953445076942446,"z":-0.08108673989772797,"w":0.9146016240119934},"size":2.937741279602051,"orthographic":false}