{"cameraMode":{"drawMode":0,"name":"Shaded","section":"Shading Mode"},"sceneLighting":true,"audioPlay":false,"sceneViewState":{"showFog":true,"showMaterialUpdate":false,"showSkybox":false,"showFlares":true,"showImageEffects":true,"showParticleSystems":true},"in2DMode":false,"pivot":{"x":-1.9646892547607422,"y":0.8404736518859863,"z":54.07347106933594},"rotation":{"x":-0.07972173392772675,"y":0.20919497311115266,"z":-0.02052231691777706,"w":-0.9748913645744324},"size":23.334524154663087,"orthographic":false}