{"cameraMode":{"drawMode":0,"name":"Shaded","section":"Shading Mode"},"sceneLighting":true,"audioPlay":false,"sceneViewState":{"showFog":true,"showMaterialUpdate":false,"showSkybox":false,"showFlares":true,"showImageEffects":true,"showParticleSystems":true},"in2DMode":false,"pivot":{"x":-1.266348123550415,"y":2.124229907989502,"z":13.015922546386719},"rotation":{"x":0.026522060856223108,"y":-0.9366825222969055,"z":0.07627216726541519,"w":0.3416023552417755},"size":22.0,"orthographic":false}