{"cameraMode":{"drawMode":0,"name":"Shaded","section":"Shading Mode"},"sceneLighting":true,"audioPlay":false,"sceneViewState":{"showFog":true,"showMaterialUpdate":false,"showSkybox":false,"showFlares":true,"showImageEffects":true,"showParticleSystems":true},"in2DMode":false,"pivot":{"x":4.338376522064209,"y":3.0881752967834474,"z":3.4742932319641115},"rotation":{"x":-0.024365898221731187,"y":0.9249375462532044,"z":-0.3751538097858429,"w":-0.06075325608253479},"size":9.413625717163086,"orthographic":false}