{"cameraMode":{"drawMode":0,"name":"Shaded","section":"Shading Mode"},"sceneLighting":true,"audioPlay":false,"sceneViewState":{"showFog":true,"showMaterialUpdate":false,"showSkybox":false,"showFlares":true,"showImageEffects":true,"showParticleSystems":true},"in2DMode":false,"pivot":{"x":6.635000228881836,"y":4.171999931335449,"z":32.505001068115237},"rotation":{"x":0.018371853977441789,"y":-0.975706160068512,"z":0.08982997387647629,"w":0.19945190846920014},"size":2.207597017288208,"orthographic":false}