{"cameraMode":{"drawMode":0,"name":"Shaded","section":"Shading Mode"},"sceneLighting":true,"audioPlay":false,"sceneViewState":{"showFog":true,"showMaterialUpdate":false,"showSkybox":false,"showFlares":true,"showImageEffects":true,"showParticleSystems":true},"in2DMode":false,"pivot":{"x":-4.961216926574707,"y":13.558053016662598,"z":-1.412022352218628},"rotation":{"x":-0.36057859659194949,"y":-0.6221063137054443,"z":0.38985902070999148,"w":-0.5753679275512695},"size":2.603656530380249,"orthographic":false}